[{"model": "auth.permission", "pk": 1, "fields": {"name": "Can add log entry", "content_type": 1, "codename": "add_logentry"}}, {"model": "auth.permission", "pk": 2, "fields": {"name": "Can change log entry", "content_type": 1, "codename": "change_logentry"}}, {"model": "auth.permission", "pk": 3, "fields": {"name": "Can delete log entry", "content_type": 1, "codename": "delete_logentry"}}, {"model": "auth.permission", "pk": 4, "fields": {"name": "Can view log entry", "content_type": 1, "codename": "view_logentry"}}, {"model": "auth.permission", "pk": 5, "fields": {"name": "Can add permission", "content_type": 2, "codename": "add_permission"}}, {"model": "auth.permission", "pk": 6, "fields": {"name": "Can change permission", "content_type": 2, "codename": "change_permission"}}, {"model": "auth.permission", "pk": 7, "fields": {"name": "Can delete permission", "content_type": 2, "codename": "delete_permission"}}, {"model": "auth.permission", "pk": 8, "fields": {"name": "Can view permission", "content_type": 2, "codename": "view_permission"}}, {"model": "auth.permission", "pk": 9, "fields": {"name": "Can add group", "content_type": 3, "codename": "add_group"}}, {"model": "auth.permission", "pk": 10, "fields": {"name": "Can change group", "content_type": 3, "codename": "change_group"}}, {"model": "auth.permission", "pk": 11, "fields": {"name": "Can delete group", "content_type": 3, "codename": "delete_group"}}, {"model": "auth.permission", "pk": 12, "fields": {"name": "Can view group", "content_type": 3, "codename": "view_group"}}, {"model": "auth.permission", "pk": 13, "fields": {"name": "Can add user", "content_type": 4, "codename": "add_user"}}, {"model": "auth.permission", "pk": 14, "fields": {"name": "Can change user", "content_type": 4, "codename": "change_user"}}, {"model": "auth.permission", "pk": 15, "fields": {"name": "Can delete user", "content_type": 4, "codename": "delete_user"}}, {"model": "auth.permission", "pk": 16, "fields": {"name": "Can view user", "content_type": 4, "codename": "view_user"}}, {"model": "auth.permission", "pk": 17, "fields": {"name": "Can add content type", "content_type": 5, "codename": "add_contenttype"}}, {"model": "auth.permission", "pk": 18, "fields": {"name": "Can change content type", "content_type": 5, "codename": "change_contenttype"}}, {"model": "auth.permission", "pk": 19, "fields": {"name": "Can delete content type", "content_type": 5, "codename": "delete_contenttype"}}, {"model": "auth.permission", "pk": 20, "fields": {"name": "Can view content type", "content_type": 5, "codename": "view_contenttype"}}, {"model": "auth.permission", "pk": 21, "fields": {"name": "Can add session", "content_type": 6, "codename": "add_session"}}, {"model": "auth.permission", "pk": 22, "fields": {"name": "Can change session", "content_type": 6, "codename": "change_session"}}, {"model": "auth.permission", "pk": 23, "fields": {"name": "Can delete session", "content_type": 6, "codename": "delete_session"}}, {"model": "auth.permission", "pk": 24, "fields": {"name": "Can view session", "content_type": 6, "codename": "view_session"}}, {"model": "auth.permission", "pk": 25, "fields": {"name": "Can add actor", "content_type": 7, "codename": "add_actor"}}, {"model": "auth.permission", "pk": 26, "fields": {"name": "Can change actor", "content_type": 7, "codename": "change_actor"}}, {"model": "auth.permission", "pk": 27, "fields": {"name": "Can delete actor", "content_type": 7, "codename": "delete_actor"}}, {"model": "auth.permission", "pk": 28, "fields": {"name": "Can view actor", "content_type": 7, "codename": "view_actor"}}, {"model": "auth.permission", "pk": 29, "fields": {"name": "Can add genre", "content_type": 8, "codename": "add_genre"}}, {"model": "auth.permission", "pk": 30, "fields": {"name": "Can change genre", "content_type": 8, "codename": "change_genre"}}, {"model": "auth.permission", "pk": 31, "fields": {"name": "Can delete genre", "content_type": 8, "codename": "delete_genre"}}, {"model": "auth.permission", "pk": 32, "fields": {"name": "Can view genre", "content_type": 8, "codename": "view_genre"}}, {"model": "auth.permission", "pk": 33, "fields": {"name": "Can add reservation", "content_type": 9, "codename": "add_reservation"}}, {"model": "auth.permission", "pk": 34, "fields": {"name": "Can change reservation", "content_type": 9, "codename": "change_reservation"}}, {"model": "auth.permission", "pk": 35, "fields": {"name": "Can delete reservation", "content_type": 9, "codename": "delete_reservation"}}, {"model": "auth.permission", "pk": 36, "fields": {"name": "Can view reservation", "content_type": 9, "codename": "view_reservation"}}, {"model": "auth.permission", "pk": 37, "fields": {"name": "Can add theatre hall", "content_type": 10, "codename": "add_theatrehall"}}, {"model": "auth.permission", "pk": 38, "fields": {"name": "Can change theatre hall", "content_type": 10, "codename": "change_theatrehall"}}, {"model": "auth.permission", "pk": 39, "fields": {"name": "Can delete theatre hall", "content_type": 10, "codename": "delete_theatrehall"}}, {"model": "auth.permission", "pk": 40, "fields": {"name": "Can view theatre hall", "content_type": 10, "codename": "view_theatrehall"}}, {"model": "auth.permission", "pk": 41, "fields": {"name": "Can add play", "content_type": 11, "codename": "add_play"}}, {"model": "auth.permission", "pk": 42, "fields": {"name": "Can change play", "content_type": 11, "codename": "change_play"}}, {"model": "auth.permission", "pk": 43, "fields": {"name": "Can delete play", "content_type": 11, "codename": "delete_play"}}, {"model": "auth.permission", "pk": 44, "fields": {"name": "Can view play", "content_type": 11, "codename": "view_play"}}, {"model": "auth.permission", "pk": 45, "fields": {"name": "Can add performance", "content_type": 12, "codename": "add_performance"}}, {"model": "auth.permission", "pk": 46, "fields": {"name": "Can change performance", "content_type": 12, "codename": "change_performance"}}, {"model": "auth.permission", "pk": 47, "fields": {"name": "Can delete performance", "content_type": 12, "codename": "delete_performance"}}, {"model": "auth.permission", "pk": 48, "fields": {"name": "Can view performance", "content_type": 12, "codename": "view_performance"}}, {"model": "auth.permission", "pk": 49, "fields": {"name": "Can add ticket", "content_type": 13, "codename": "add_ticket"}}, {"model": "auth.permission", "pk": 50, "fields": {"name": "Can change ticket", "content_type": 13, "codename": "change_ticket"}}, {"model": "auth.permission", "pk": 51, "fields": {"name": "Can delete ticket", "content_type": 13, "codename": "delete_ticket"}}, {"model": "auth.permission", "pk": 52, "fields": {"name": "Can view ticket", "content_type": 13, "codename": "view_ticket"}}, {"model": "auth.permission", "pk": 53, "fields": {"name": "Can add user", "content_type": 14, "codename": "add_user"}}, {"model": "auth.permission", "pk": 54, "fields": {"name": "Can change user", "content_type": 14, "codename": "change_user"}}, {"model": "auth.permission", "pk": 55, "fields": {"name": "Can delete user", "content_type": 14, "codename": "delete_user"}}, {"model": "auth.permission", "pk": 56, "fields": {"name": "Can view user", "content_type": 14, "codename": "view_user"}}, {"model": "contenttypes.contenttype", "pk": 1, "fields": {"app_label": "admin", "model": "logentry"}}, {"model": "contenttypes.contenttype", "pk": 2, "fields": {"app_label": "auth", "model": "permission"}}, {"model": "contenttypes.contenttype", "pk": 3, "fields": {"app_label": "auth", "model": "group"}}, {"model": "contenttypes.contenttype", "pk": 4, "fields": {"app_label": "auth", "model": "user"}}, {"model": "contenttypes.contenttype", "pk": 5, "fields": {"app_label": "contenttypes", "model": "contenttype"}}, {"model": "contenttypes.contenttype", "pk": 6, "fields": {"app_label": "sessions", "model": "session"}}, {"model": "contenttypes.contenttype", "pk": 7, "fields": {"app_label": "theatre", "model": "actor"}}, {"model": "contenttypes.contenttype", "pk": 8, "fields": {"app_label": "theatre", "model": "genre"}}, {"model": "contenttypes.contenttype", "pk": 9, "fields": {"app_label": "theatre", "model": "reservation"}}, {"model": "contenttypes.contenttype", "pk": 10, "fields": {"app_label": "theatre", "model": "theatrehall"}}, {"model": "contenttypes.contenttype", "pk": 11, "fields": {"app_label": "theatre", "model": "play"}}, {"model": "contenttypes.contenttype", "pk": 12, "fields": {"app_label": "theatre", "model": "performance"}}, {"model": "contenttypes.contenttype", "pk": 13, "fields": {"app_label": "theatre", "model": "ticket"}}, {"model": "contenttypes.contenttype", "pk": 14, "fields": {"app_label": "user", "model": "user"}}, {"model": "sessions.session", "pk": "5868v60pikiea9hn8qatk425jkep36ju", "fields": {"session_data": ".eJxVjEEOwiAQRe_C2hBoYRhcuvcMZBhAqoYmpV0Z765NutDtf-_9lwi0rTVsPS9hSuIstDj9bpH4kdsO0p3abZY8t3WZotwVedAur3PKz8vh_h1U6vVbIxgoiqggRKcxGQ9Ka3IeYCTPJVu0ThPTqBRaMyCooSBbLEzMCsT7A8dmN00:1rgRAm:BNZCTfHX2lJBIOGQ07NlSLCAsNh6kg40l_4mDq8imAE", "expire_date": "2024-03-16T15:21:12.923Z"}}, {"model": "theatre.actor", "pk": 1, "fields": {"first_name": "Sam", "last_name": "Crane"}}, {"model": "theatre.actor", "pk": 2, "fields": {"first_name": "Frances", "last_name": "Grey"}}, {"model": "theatre.actor", "pk": 3, "fields": {"first_name": "Thomas", "last_name": "Grant"}}, {"model": "theatre.actor", "pk": 4, "fields": {"first_name": "Thomas", "last_name": "Aldridge"}}, {"model": "theatre.actor", "pk": 5, "fields": {"first_name": "Michelle", "last_name": "Gayle"}}, {"model": "theatre.actor", "pk": 6, "fields": {"first_name": "Grace", "last_name": "Wylde"}}, {"model": "theatre.actor", "pk": 7, "fields": {"first_name": "James", "last_name": "Howard"}}, {"model": "theatre.actor", "pk": 8, "fields": {"first_name": "Adam", "last_name": "Wadsworth"}}, {"model": "theatre.actor", "pk": 9, "fields": {"first_name": "Steven", "last_name": "Hoggett"}}, {"model": "theatre.actor", "pk": 10, "fields": {"first_name": "Christine", "last_name": "Jones"}}, {"model": "theatre.actor", "pk": 11, "fields": {"first_name": "Katrina", "last_name": "Lindsay"}}, {"model": "theatre.actor", "pk": 12, "fields": {"first_name": "Imogen", "last_name": "Heap"}}, {"model": "theatre.actor", "pk": 13, "fields": {"first_name": "Neil", "last_name": "Austin"}}, {"model": "theatre.actor", "pk": 14, "fields": {"first_name": "Gareth", "last_name": "Fry"}}, {"model": "theatre.actor", "pk": 15, "fields": {"first_name": "Jamie", "last_name": "Harrison"}}, {"model": "theatre.actor", "pk": 16, "fields": {"first_name": "Martin", "last_name": "Lowe"}}, {"model": "theatre.actor", "pk": 17, "fields": {"first_name": "Julia", "last_name": "Horan"}}, {"model": "theatre.actor", "pk": 18, "fields": {"first_name": "Lotte", "last_name": "Hines"}}, {"model": "theatre.genre", "pk": 1, "fields": {"name": "comedy"}}, {"model": "theatre.genre", "pk": 2, "fields": {"name": "Drama"}}, {"model": "theatre.genre", "pk": 3, "fields": {"name": "Tragedy"}}, {"model": "theatre.genre", "pk": 4, "fields": {"name": "Musical"}}, {"model": "theatre.genre", "pk": 5, "fields": {"name": "Mystery"}}, {"model": "theatre.genre", "pk": 6, "fields": {"name": "Romance"}}, {"model": "theatre.genre", "pk": 7, "fields": {"name": "Fantasy"}}, {"model": "theatre.genre", "pk": 8, "fields": {"name": "Historical"}}, {"model": "theatre.genre", "pk": 9, "fields": {"name": "Science Fiction"}}, {"model": "theatre.genre", "pk": 10, "fields": {"name": "Thriller"}}, {"model": "theatre.theatrehall", "pk": 1, "fields": {"name": "Main Hall", "rows": 20, "seats_in_row": 25}}, {"model": "theatre.theatrehall", "pk": 2, "fields": {"name": "Blackbox Theatre", "rows": 15, "seats_in_row": 20}}, {"model": "theatre.theatrehall", "pk": 3, "fields": {"name": "Grand Auditorium", "rows": 25, "seats_in_row": 30}}, {"model": "theatre.theatrehall", "pk": 4, "fields": {"name": "Intimate Studio", "rows": 10, "seats_in_row": 15}}, {"model": "theatre.theatrehall", "pk": 5, "fields": {"name": "Open Air Amphitheatre", "rows": 30, "seats_in_row": 35}}, {"model": "theatre.theatrehall", "pk": 6, "fields": {"name": "Experimental Stage", "rows": 12, "seats_in_row": 18}}, {"model": "theatre.play", "pk": 1, "fields": {"title": "Fading Echoes", "description": "A gripping tale of love, loss, and redemption set against the backdrop of a war-torn city.", "genres": [2], "actors": [2, 5, 13, 15, 18]}}, {"model": "theatre.play", "pk": 2, "fields": {"title": "Laugh Riot Express", "description": "Hilarious antics ensue when a group of quirky characters embarks on a train journey filled with mistaken identities and uproarious moments", "genres": [1], "actors": [1, 2, 3, 6, 15]}}, {"model": "theatre.play", "pk": 3, "fields": {"title": "Whispers in the Shadows", "description": "An edge-of-your-seat thriller where secrets unravel, and characters must navigate a web of suspense to survive the night.", "genres": [10], "actors": [5, 10, 11, 12, 18]}}, {"model": "theatre.play", "pk": 4, "fields": {"title": "Eternal Serenade", "description": "A timeless love story that transcends generations, exploring the enduring power of true love.", "genres": [6], "actors": [3, 5, 6, 10, 15, 16]}}, {"model": "theatre.play", "pk": 5, "fields": {"title": "Enigma at Midnight", "description": "Unravel the mystery as a detective, haunted by the ghosts of the past, investigates a series of puzzling crimes in a small town.", "genres": [5], "actors": [4, 9, 10, 17, 18]}}, {"model": "theatre.play", "pk": 6, "fields": {"title": "Realm of Dreams", "description": "Step into a magical world where dreams come to life, and ordinary individuals discover their extraordinary destinies.", "genres": [7], "actors": [10, 11, 14, 17, 18]}}, {"model": "theatre.play", "pk": 7, "fields": {"title": "Echoes of Empires", "description": "Journey through the annals of history as powerful empires rise and fall, shaping the destinies of those caught in the currents of time.", "genres": [8], "actors": [1, 4, 5, 8, 10]}}, {"model": "theatre.play", "pk": 8, "fields": {"title": "Harmony Heights", "description": "A toe-tapping musical extravaganza set in a bustling city where diverse characters find common ground through the universal language of music.", "genres": [4], "actors": [2, 3, 6, 8, 12, 13]}}, {"model": "theatre.play", "pk": 9, "fields": {"title": "Quantum Nexus", "description": "Explore the possibilities of a futuristic world where science and technology push the boundaries of human existence.", "genres": [9], "actors": [1, 7, 8, 9, 10, 11]}}, {"model": "theatre.play", "pk": 10, "fields": {"title": "Shattered Illusions", "description": "A poignant exploration of human frailty and the consequences of choices made, leaving audiences introspective and moved.", "genres": [3], "actors": [2, 3, 4, 5, 6, 7]}}, {"model": "theatre.performance", "pk": 1, "fields": {"play": 7, "theatre_hall": 1, "show_time": "2024-04-03T18:30:00Z"}}, {"model": "theatre.performance", "pk": 2, "fields": {"play": 5, "theatre_hall": 2, "show_time": "2024-04-07T20:00:00Z"}}, {"model": "theatre.performance", "pk": 3, "fields": {"play": 4, "theatre_hall": 3, "show_time": "2024-04-11T19:30:00Z"}}, {"model": "theatre.performance", "pk": 4, "fields": {"play": 1, "theatre_hall": 4, "show_time": "2024-05-13T16:30:00Z"}}, {"model": "theatre.performance", "pk": 5, "fields": {"play": 8, "theatre_hall": 5, "show_time": "2024-05-20T18:00:00Z"}}, {"model": "theatre.performance", "pk": 6, "fields": {"play": 2, "theatre_hall": 6, "show_time": "2024-05-22T17:00:00Z"}}, {"model": "theatre.performance", "pk": 7, "fields": {"play": 9, "theatre_hall": 1, "show_time": "2024-05-22T20:00:00Z"}}, {"model": "theatre.performance", "pk": 8, "fields": {"play": 6, "theatre_hall": 2, "show_time": "2024-05-25T18:30:00Z"}}, {"model": "theatre.performance", "pk": 9, "fields": {"play": 10, "theatre_hall": 3, "show_time": "2024-06-01T19:30:00Z"}}, {"model": "theatre.performance", "pk": 10, "fields": {"play": 3, "theatre_hall": 4, "show_time": "2024-06-02T21:00:00Z"}}]